,Unnamed: 0,artist,album,track_name,track_id,danceability,energy,key,loudness,mode,speechiness,instrumentalness,liveness,valence,tempo,duration_ms,time_signature,cluster
12,12,Justin Bieber,Holy,Holy (feat. Chance The Rapper),5u1n1kITHCxxp8twBcZxWy,0.6729999999999999,0.7040000000000001,6,-8.056000000000001,1,0.36,0.0,0.0898,0.3720000000000001,86.919,212093,4,1
90,90,Justin Bieber,Holy,Holy (feat. Chance The Rapper),5u1n1kITHCxxp8twBcZxWy,0.6729999999999999,0.7040000000000001,6,-8.056000000000001,1,0.36,0.0,0.0898,0.3720000000000001,86.919,212093,4,1
97,97,BLACKPINK,Ice Cream (with Selena Gomez),Ice Cream (with Selena Gomez),2k0e6dy1tx7fE6m126Ydfw,0.7909999999999999,0.733,9,-3.852,1,0.35,0.000169,0.0423,0.913,159.974,175813,4,1
114,114,Katy Perry,Smile,Smile,3DXdjHnePKnh6oXw2ZgGSl,0.7829999999999999,0.912,0,-3.713,1,0.243,0.0,0.339,0.7490000000000001,98.025,166898,4,1
207,207,SG Lewis,Chemicals,Chemicals,4xnaRQjBsHrJY5hmxBlMel,0.616,0.8540000000000001,11,-4.749,0,0.368,0.0,0.322,0.8009999999999999,113.982,254871,4,1
230,230,Elohim,Group Therapy,Group Therapy,2YvozvgxDiTZDZzQGEdSTi,0.7040000000000001,0.815,5,-3.6,1,0.28300000000000003,7.85e-05,0.103,0.907,183.877,144130,4,1
261,261,James Hersey,Real For You,Real For You,5zkZff8E84umaBtOMO5ZQi,0.65,0.527,5,-7.465,0,0.532,0.0,0.0902,0.705,120.094,181975,5,1
266,266,Red Hearse,Red Hearse,Red Hearse,1MboFNLuzrmG98WWcoam6B,0.7190000000000001,0.7070000000000001,9,-8.217,1,0.266,0.00865,0.14800000000000002,0.071,197.942,157215,4,1
287,287,The Weeknd,Starboy,Starboy,7MXVkk9YMctZqd1Srtv4MB,0.679,0.5870000000000001,7,-7.015,1,0.276,6.35e-06,0.13699999999999998,0.486,186.003,230453,4,1
314,314,Demi Lovato,Tell Me You Love Me,Sorry Not Sorry,0yvPEnB032fojLfVluFjUv,0.706,0.643,11,-6.9289999999999985,0,0.234,0.0,0.262,0.885,143.931,203760,4,1
356,356,Hurley Mower,Cinnamon,Cinnamon,45iWrKn5A3miPB9H5KZ2IF,0.7659999999999999,0.369,5,-6.837999999999999,1,0.269,0.737,0.102,0.674,92.015,169565,4,1
429,429,DJ Khaled,POPSTAR (feat. Drake),POPSTAR (feat. Drake),6EDO9iiTtwNv6waLwa1UUq,0.8,0.56,5,-4.8180000000000005,0,0.261,0.0,0.134,0.45,163.071,200221,4,1
438,438,21 Savage,SAVAGE MODE II,Mr. Right Now (feat. Drake),4Q34FP1AT7GEl9oLgNtiWj,0.647,0.667,5,-5.563,1,0.304,0.0,0.133,0.7040000000000001,172.08,193839,4,1
442,442,DaBaby,BLAME IT ON BABY (DELUXE),BLIND (feat. Young Thug),2T5NBwKRySiCR78vVk08vr,0.7090000000000001,0.679,11,-6.502999999999999,0,0.34600000000000003,0.0,0.0971,0.754,162.97299999999996,153467,4,1
443,443,Jack Harlow,Sweet Action,WHATS POPPIN,1jaTQ3nqY3oAAYyCTbIvnM,0.923,0.604,11,-6.671,0,0.245,0.0,0.272,0.826,145.062,139741,4,1
444,444,Future,Life Is Good (feat. Drake),Life Is Good (feat. Drake),5yY9lUy8nbvjM1Uyo1Uqoc,0.6759999999999999,0.609,2,-5.831,0,0.481,0.0,0.152,0.508,142.037,237735,4,1
445,445,Polo G,Epidemic,Epidemic,170DNUSnQRp1tGpppF26pA,0.616,0.617,1,-8.431000000000001,1,0.52,0.0,0.177,0.476,175.929,177273,4,1
448,448,Lil Baby,Woah,Woah,598yNsG1JFrGd4n2kMoz7F,0.882,0.602,11,-5.5539999999999985,1,0.245,0.0,0.17800000000000002,0.43,142.959,183011,4,1
449,449,Baby Keem,DIE FOR MY BITCH,ORANGE SODA,5FkoSXiJPKTNyYgALRJFhD,0.83,0.564,1,-7.822,1,0.235,0.0,0.128,0.107,85.042,129882,4,1
450,450,Travis Scott,FRANCHISE (feat. Young Thug & M.I.A.),FRANCHISE (feat. Young Thug & M.I.A.),4jVBIpuOiMj1crqd8LoCrJ,0.835,0.6990000000000001,8,-5.405,0,0.277,0.0,0.195,0.547,154.981,202795,4,1
453,453,Juice WRLD,Bandit (with YoungBoy Never Broke Again),Bandit (with YoungBoy Never Broke Again),6Gg1gjgKi2AK4e0qzsR7sd,0.474,0.631,5,-5.884,0,0.343,0.0,0.132,0.425,180.051,189323,4,1
454,454,DaBaby,KIRK,BOP,6Ozh9Ok6h4Oi1wUSLtBseN,0.769,0.787,11,-3.909,1,0.3670000000000001,0.0,0.129,0.836,126.77,159715,4,1
458,458,Lil Tecca,We Love You Tecca,Ransom,1lOe9qE0vR9zwWQAOk6CoO,0.745,0.642,7,-6.2570000000000014,0,0.287,0.0,0.0658,0.226,179.97400000000005,131240,4,1
460,460,JACKBOYS,JACKBOYS,OUT WEST (feat. Young Thug),6gi6y1xwmVszDWkUqab1qw,0.802,0.591,8,-4.895,1,0.225,0.0,0.196,0.309,139.864,157712,4,1
463,463,Polo G,THE GOAT,Martin & Gina,1VLtjHwRWOVJiE5Py7JxoQ,0.8320000000000001,0.534,1,-7.813,0,0.253,0.0,0.165,0.116,93.924,132833,4,1
465,465,Lil Baby,The Bigger Picture,The Bigger Picture,44gRhRi2OhEf7moAUj6MD1,0.59,0.618,1,-5.756,1,0.334,0.0,0.244,0.153,96.459,252729,3,1
476,476,Kanye West,Nah Nah Nah,Nah Nah Nah,065J6YUGz8tN0A3TkRrWtP,0.797,0.66,2,-8.156,1,0.386,3.13e-06,0.201,0.7959999999999999,149.997,178553,4,1
479,479,Lil Uzi Vert,Eternal Atake (Deluxe) - LUV vs. The World 2,Myron,56uXDJRCuoS7abX3SkzHKQ,0.7709999999999999,0.654,8,-6.976,0,0.298,0.0,0.214,0.573,155.047,224955,4,1
481,481,Lil Baby,Sum 2 Prove,Sum 2 Prove,2u3EyuCqqV31woqGvO9LBz,0.823,0.552,4,-7.57,0,0.324,0.0,0.122,0.418,124.038,205760,4,1
484,484,DaBaby,KIRK,VIBEZ,0fySG6A6qLE8IvDpayb5bM,0.768,0.652,1,-2.708,0,0.307,0.0,0.107,0.777,154.187,144935,4,1
488,488,Lil Baby,Drip Harder,Drip Too Hard (Lil Baby & Gunna),78QR3Wp35dqAhFEc2qAGjE,0.897,0.662,1,-6.903,0,0.292,0.0,0.534,0.389,112.511,145543,4,1
489,489,Drake,Dark Lane Demo Tapes,Demons (feat. Fivio Foreign & Sosa Geek),05aZ9sAU1YXndHv0FMi9iW,0.5429999999999999,0.7659999999999999,0,-3.387,0,0.343,0.0,0.155,0.7290000000000001,106.869,204805,3,1
490,490,DaBaby,KIRK,TOES (feat. Lil Baby & Moneybagg Yo),2FvD20Z8aoWIePi7PoN8sG,0.816,0.5820000000000001,8,-4.141,1,0.341,5.84e-06,0.0916,0.542,160.004,136366,4,1
491,491,Juice WRLD,Goodbye & Good Riddance,Armed And Dangerous,5wujBwqG7INdStqGd4tRMX,0.736,0.67,10,-6.702000000000001,1,0.311,0.0,0.114,0.845,130.032,169999,4,1
493,493,DaBaby,BLAME IT ON BABY,PICK UP (feat. Quavo),5gNOINI5dXZVom2b36LMOd,0.915,0.612,1,-4.535,1,0.407,0.0,0.115,0.758,129.93,118547,4,1
494,494,Eminem,Music To Be Murdered By,Godzilla (feat. Juice WRLD),7FIWs0pqAYbP91WWM0vlTQ,0.8079999999999999,0.745,10,-5.26,0,0.342,0.0,0.292,0.8290000000000001,165.995,210800,4,1
496,496,Polo G,Die A Legend,Pop Out (feat. Lil Tjay),6uFn47ACjqYkc0jADwEdj1,0.772,0.639,1,-7.119,1,0.467,0.0,0.0698,0.261,168.112,166560,4,1
499,499,Polo G,THE GOAT,21,3JKgcAa7r07ocVWcV8bS0H,0.7829999999999999,0.479,7,-10.646,1,0.541,0.0,0.101,0.5329999999999999,176.02700000000004,163798,4,1
500,500,Roddy Ricch,Start Wit Me (feat. Gunna),Start Wit Me (feat. Gunna),5ravc2aiNoYmu9m37diYXW,0.8859999999999999,0.479,4,-8.054,0,0.334,0.0,0.135,0.408,130.029,158692,4,1
503,503,Lil Wayne,Funeral,"I Do It (ft. Big Sean, Lil Baby)",1bRO28yzxgO3y3UmNR29TZ,0.804,0.528,1,-3.2310000000000003,1,0.378,0.0,0.41,0.321,138.005,184440,4,1
505,505,DaBaby,KIRK,POP STAR (feat. Kevin Gates),2TsD9kSbgYx5fSNRsoNURE,0.815,0.76,6,-4.632,1,0.331,0.0,0.203,0.7290000000000001,81.53699999999998,183145,4,1
507,507,Young Thug,So Much Fun,Surf (feat. Gunna),6igOR5QCn09zAVF2ikZjsV,0.93,0.561,0,-8.052999999999999,1,0.25,0.0,0.0992,0.596,140.987,184093,4,1
509,509,Roddy Ricch,Big Stepper,Big Stepper,5MVdzbNmCVf9cWbkqFakkr,0.753,0.597,8,-8.469,1,0.292,0.0,0.197,0.616,76.997,175170,4,1
513,513,Rich The Kid,The World Is Yours 2,Splashin,3KLo7ByvjCNyBrfz5DZ2mO,0.942,0.382,10,-8.099,1,0.564,0.0,0.092,0.379,100.017,177864,4,1
515,515,J. Cole,MIDDLE CHILD,MIDDLE CHILD,2JvzF1RMd7lE3KmFlsyZD8,0.8370000000000001,0.364,8,-11.713,1,0.276,0.0,0.271,0.463,123.984,213594,4,1
517,517,Kanye West,JESUS IS KING,Follow God,2QpGZOhTCHHiKmpSO9FW4h,0.529,0.9,1,-3.503,1,0.418,1.21e-05,0.0426,0.434,180.291,104591,4,1
518,518,Polo G,THE GOAT,Go Stupid,4PklAHGXT5ityno3IA8SKd,0.92,0.833,1,-3.18,1,0.253,0.0,0.0596,0.645,141.034,165726,4,1
519,519,DaBaby,Baby On Baby,Suge,2gwkD6igEhQbDQegRCcdoB,0.8759999999999999,0.662,2,-6.482,0,0.426,0.0,0.127,0.8440000000000001,75.445,163320,4,1
520,520,A Boogie Wit da Hoodie,Hoodie SZN,Swervin (feat. 6ix9ine),1wJRveJZLSb1rjhnUHQiv6,0.581,0.662,9,-5.239,1,0.303,0.0,0.111,0.434,93.023,189487,4,1
524,524,YoungBoy Never Broke Again,AI YoungBoy 2,Make No Sense,6klLvorLoo1sxvZcjJIY8I,0.8759999999999999,0.733,10,-4.478,0,0.333,0.0,0.0999,0.962,154.904,148630,4,1
566,566,OutKast,Stankonia,Ms. Jackson,0I3q5fE6wg7LIfHGngUTnV,0.843,0.8059999999999999,4,-5.9460000000000015,0,0.269,0.0,0.0771,0.613,94.948,270507,4,1
573,573,Quinn XCII,From Michigan With Love,Good Thing Go,7hV7333ajQNI1J6R5C9A8c,0.8759999999999999,0.376,4,-9.341,1,0.257,0.0,0.106,0.326,113.902,212453,4,1
579,579,B.o.B,B.o.B Presents: The Adventures of Bobby Ray,Magic (feat. Rivers Cuomo),5uHYcK0nbEYgRaFTY5BqnP,0.5489999999999999,0.932,8,-4.11,0,0.343,0.0,0.34700000000000003,0.787,82.439,196133,4,1
584,584,Whethan,"Life of a Wallflower, Vol. 1",Good Nights (feat. Mascolo),08Kj0lvbsqAxzeUOBYZRL6,0.8490000000000001,0.483,6,-7.114,0,0.29100000000000004,0.00014099999999999998,0.0786,0.282,101.015,165618,4,1
585,585,Quinn XCII,The Story of Us,Straightjacket,51LIqkda3pTeECZUhMnool,0.838,0.546,5,-6.811,0,0.295,0.0,0.0656,0.745,137.02700000000002,206533,4,1
586,586,Travie McCoy,Lazarus,Billionaire (feat. Bruno Mars),2qPUnoasNe4Ep43emVXEig,0.633,0.6729999999999999,6,-6.403,0,0.258,0.0,0.206,0.659,86.77600000000002,211160,4,1
690,690,Ringo Starr,Goodnight Vienna,Occapella,1hxbW2aQxmFSChaFeOeD5K,0.753,0.244,10,-19.395,1,0.253,2.82e-06,0.0607,0.928,83.70299999999997,176400,4,1
755,755,5 Seconds of Summer,Youngblood (Deluxe),Youngblood,2iUXsYOEPhVqEBwsqP70rE,0.596,0.8540000000000001,7,-5.114,0,0.463,0.0,0.124,0.152,120.274,203418,4,1
771,771,NF,Perception,Lie,07FkzikE6FuHIa8Ma7zJGc,0.513,0.6609999999999999,5,-6.419,1,0.24,0.0,0.246,0.179,94.791,209213,4,1
781,781,Lupe Fiasco,"Food & Liquor II: The Great American Rap Album, Pt. 1",Battle Scars,1hWYT0w2R0J19rlVkiez7X,0.517,0.8109999999999999,5,-4.526,0,0.28600000000000003,0.0,0.105,0.494,168.269,250320,4,1
794,794,Macklemore & Ryan Lewis,The Heist,Thrift Shop (feat. Wanz),4YMqbFcDIFiCBd02PzUBcM,0.7809999999999999,0.526,6,-6.985,0,0.293,0.0,0.0457,0.662,94.992,235613,4,1
800,800,Shawn Mendes,Shawn Mendes,Lost In Japan,79esEXlqqmq0GPz0xQSZTV,0.713,0.738,10,-6.784,1,0.374,0.0,0.106,0.425,105.027,201200,4,1
842,842,Lauv,I met you when I was 18. (the playlist),I Like Me Better,2P91MQbaiQOfbiz9VqhqKQ,0.752,0.505,9,-7.621,1,0.253,2.55e-06,0.104,0.419,91.97,197437,4,1
1090,1090,The Monotones,Who Wrote The Book Of Love? [Digital Version],The Book of Love,1N131UBLlYAUJNVpHOfEc1,0.428,0.594,10,-12.716,1,0.379,0.0,0.5670000000000001,0.556,198.67,138298,4,1
1096,1096,The Coasters,Rhino Hi-Five: The Coasters,Charlie Brown,6Q0aBakbTsjQO6iGdxmXlx,0.6459999999999999,0.628,3,-8.794,1,0.243,5.03e-06,0.00967,0.8809999999999999,125.705,141667,4,1
1202,1202,Led Zeppelin,Led Zeppelin II (1994 Remaster),Whole Lotta Love - 1990 Remaster,0hCB0YR03f6AmQaHbwWDe8,0.412,0.902,9,-11.6,1,0.405,0.131,0.405,0.422,89.74,333893,4,1
1297,1297,Free,Songs Of Yesterday,All Right Now,5Yuvfj0aCUvWE01bnMWtjV,0.75,0.506,7,-12.812,1,0.304,0.0,0.123,0.78,121.765,208933,4,1
1469,1469,Blackstreet,Another Level,No Diggity,6MdqqkQ8sSC0WB4i8PyRuQ,0.867,0.6459999999999999,1,-4.674,0,0.28800000000000003,0.0,0.279,0.67,88.634,304600,4,1
1569,1569,Far East Movement,Free Wired,Like A G6,4DvhkX2ic4zWkQeWMwQ2qf,0.435,0.8370000000000001,3,-8.126,1,0.449,0.0,0.117,0.778,124.913,216893,4,1
1581,1581,Fergie,The Dutchess,Fergalicious,6Q44rxzH39y2tjic98Spo5,0.906,0.584,8,-7.72,0,0.316,0.0,0.128,0.831,129.055,292373,4,1
1585,1585,LMFAO,Sorry For Party Rocking (Deluxe Version),Sexy And I Know It,0obBFrPYkSoBJbvHfUIhkv,0.7070000000000001,0.861,7,-4.225,1,0.316,0.0,0.191,0.795,130.02100000000002,199480,4,1
1642,1642,Stormzy,Vossi Bop,Vossi Bop,44ZJ4hLD5onikKsVLQaILr,0.682,0.653,8,-6.062,1,0.339,0.00116,0.129,0.428,188.115,196267,4,1
1645,1645,Ariana Grande,"thank u, next",7 rings,6ocbgoVGwYJhOv1GgI9NsF,0.778,0.317,1,-10.732,0,0.334,0.0,0.0881,0.327,140.048,178627,4,1
1653,1653,XXXTENTACION,17,Jocelyn Flores,7m9OqQk4RVRkw9JJdeAw96,0.872,0.391,0,-9.144,0,0.242,4.13e-06,0.297,0.4370000000000001,134.02100000000002,119133,4,1
1659,1659,benny blanco,Eastside (with Halsey & Khalid),Eastside (with Halsey & Khalid),0d2iYfpKoM0QCKvcLCkBao,0.56,0.68,6,-7.648,0,0.321,0.0,0.116,0.319,89.391,173800,4,1
1666,1666,5 Seconds of Summer,Youngblood (Deluxe),Youngblood,2iUXsYOEPhVqEBwsqP70rE,0.596,0.8540000000000001,7,-5.114,0,0.463,0.0,0.124,0.152,120.274,203418,4,1
1675,1675,Shawn Mendes,Illuminate,Treat You Better,3QGsuHI8jO1Rx4JWLUh9jd,0.444,0.8190000000000001,10,-4.078,0,0.341,0.0,0.107,0.747,82.695,187973,4,1
1690,1690,21 Savage,Issa Album,Bank Account,2fQrGHiQOvpL9UgPvtYy6G,0.884,0.34600000000000003,8,-8.228,0,0.35100000000000003,7.04e-06,0.0871,0.376,75.016,220307,4,1
1705,1705,Sia,This Is Acting (Deluxe Version),The Greatest (feat. Kendrick Lamar),7xHWNBFm6ObGEQPaUxHuKO,0.6679999999999999,0.725,1,-6.127000000000002,1,0.266,0.000479,0.0561,0.7290000000000001,191.944,210227,4,1
1706,1706,Kiiara,Gold,Gold,6WhzFzROw3aq3rPWjgYlxr,0.6,0.412,8,-9.343,1,0.344,0.0025,0.134,0.408,113.049,225882,5,1
1723,1723,The Andrews Sisters,The Ultimate Andrews Sisters,Boogie Woogie Bugle Boy - Remastered,4R5fpGNoTVKXQMUUaZPtwD,0.618,0.737,2,-8.147,1,0.257,1.5399999999999998e-05,0.171,0.882,165.104,164160,4,1
1724,1724,The Andrews Sisters,50th Anniversary Collection (Vol. 1),"Civilization (Bongo, Bongo, Bongo) - Single Version",3hf8kPNd48tcmO5zMtQ6aB,0.648,0.279,8,-13.373,1,0.35700000000000004,0.0,0.147,0.833,77.49,183333,4,1
1737,1737,Bing Crosby,Bing-His Legendary Years 1931-1957,Pistol Packin' Mama - Single Version,2Pn1HP6ZTVpBaew1jHcs87,0.636,0.275,7,-14.195,1,0.26,0.0,0.139,0.855,200.083,183000,4,1
1739,1739,Sampler,Golden Decade - Music Of My Life (Book 03),Butcher Pete,1jltATYx5GJIesje62qdw4,0.5489999999999999,0.6829999999999999,3,-8.898,0,0.242,0.00529,0.278,0.902,187.441,144117,4,1
1792,1792,Various Artists,Top Hits Of The 1930s,Let Yourself Go,6J0kTaPJvbc4J7v9KcVkW9,0.721,0.303,5,-16.312,0,0.265,0.767,0.0714,0.6940000000000001,115.153,162093,4,1
1804,1804,Various Artists,Top Hits Of The 1930s,Nice Work If You Can Get It,1023Y4VthA8NkX5L9qTG1y,0.6679999999999999,0.518,7,-14.512,1,0.442,0.24,0.336,0.728,123.281,165200,3,1
1827,1827,Various Artists,Top Hits Of The 1930s,Top Hat White Tie And Tails,0eOm1w4UEeCZbV2N5YX0Ys,0.799,0.199,5,-14.868,1,0.273,0.0299,0.0796,0.7759999999999999,111.191,159133,4,1
1844,1844,Various Artists,Top Hits Of The 1930s,Walkin' My Baby Back Home,0U691X7MDmKKTE5JOqtS1D,0.5529999999999999,0.24,9,-14.659,1,0.28600000000000003,0.00034500000000000004,0.0638,0.7509999999999999,146.236,136467,4,1
1846,1846,Various Artists,Top Hits Of The 1930s,Your Feet's Too Big,1GG71TiaxQ8TAGDllcNqk3,0.6659999999999999,0.155,0,-18.838,1,0.232,0.0,0.212,0.685,148.76,160440,4,1
1871,1871,Various Artists,Top Hits Of The 1930s,Oh Ma-Ma,1fVQBzSYUBzz4JFJF3n5Iv,0.7809999999999999,0.334,6,-16.034000000000002,0,0.393,0.0,0.0682,0.904,140.82,150360,4,1
1872,1872,Various Artists,Top Hits Of The 1930s,Mad Dogs And Englishmen,6cIYTEROA3kcYlTu3fI0V6,0.684,0.224,0,-18.211,1,0.358,0.0106,0.0672,0.5760000000000001,129.565,178733,4,1
1901,1901,Ethel Waters,Am I Blue? (Original Recodings from Her Movies 1928 - 1929),Second-Handed Man,4VIY4opsKCXCvwNv9qm7NW,0.635,0.221,3,-12.52,1,0.226,0.0,0.197,0.691,93.261,170093,4,1
1908,1908,Various Artists,"Those Dirty Blues, Vol. 2",I've Got What It Takes,0sP0wpmLywAha02TXPRCPX,0.7090000000000001,0.267,9,-12.17,1,0.479,0.602,0.374,0.7809999999999999,119.499,198600,4,1
1909,1909,Emmett Miller,The Very Best Of,Lovesick Blues,6ewlzOutujpbGzYLdWkAXL,0.753,0.159,2,-15.975,0,0.414,0.0,0.18600000000000005,0.531,110.232,173040,4,1
1916,1916,Louis Armstrong & His Hot Seven,"Louis Armstrong Hot Five, Hot Seven",Put 'Em Down Blues,3Zwlm5ZKaHfJqSqnv6km7l,0.659,0.26,5,-15.648,0,0.355,0.61,0.141,0.8109999999999999,102.814,190493,4,1
1917,1917,Louis Armstrong & His Hot Seven,"Louis Armstrong Hot Five, Hot Seven",Weary Blues,7A0GAaao3FFMVtHR3EpQUS,0.71,0.271,9,-15.064,1,0.315,0.889,0.238,0.961,98.607,185773,4,1
1945,1945,Sophie Tucker,Moanin' Low (1928-1930),I Know That My Baby Is Cheating On Me,3grkJk7pVbGUeOxYYYQ1FC,0.716,0.218,1,-12.377,1,0.295,0.0,0.0759,0.813,146.407,170560,4,1
1960,1960,Various Artists,Woman With Attitude: Pioneer Women's Libbers & Other Threats to Civilization,Go Back Where You Stayed Last Night - What's Good For The Goose,5eN0428uEtnpFiLXhqXO72,0.615,0.208,1,-12.102,1,0.265,0.0,0.479,0.652,123.733,203213,4,1
1968,1968,Sophie Tucker,Moanin' Low (1928-1930),I Don't Want to Get Thin,0IZHDY9M4SzOHyxnTJNJlq,0.706,0.181,1,-15.967,1,0.464,0.0,0.122,0.636,132.78,167667,4,1
1969,1969,Frank Crumit,1920's Popular & Comic Vocals (Encore 2) [Recorded 1924-1927],Show Me the Way to Go Home (Recorded 1926),7hmfCgUTOWo8seyakCfMXd,0.53,0.241,7,-13.611,1,0.252,0.528,0.37,0.645,173.329,189701,4,1
1987,1987,Jane Green,1920's Blues & Jazz Vocals (Recorded 1920-1927),Got No Time (Recorded May 1925),4PIKrpZJ39MTyePWr1EI1a,0.591,0.214,3,-11.416,0,0.273,0.0263,0.305,0.688,179.06400000000005,190093,4,1
2028,2028,Various Artists,Bad Girls Sing,That Makes It,1GW1RkVRR5Fuxq81WyKlfY,0.732,0.5329999999999999,10,-10.664,0,0.243,0.118,0.401,0.8909999999999999,134.6,150094,4,1
2039,2039,Ruth Brown,1951-1953,Too Many Men (11-01-53),42C9mie1EFenGXM3QGTsOQ,0.805,0.478,3,-9.24,1,0.227,0.0,0.08,0.8420000000000001,130.398,161320,4,1
2042,2042,Julie London,"Wild, Cool & Swingin'",Come On-A My House - Remastered 1999,5tLecBHbt80rd0q8bPIMNW,0.797,0.0899,8,-21.652,1,0.389,0.0,0.0835,0.472,110.773,176533,4,1
2049,2049,Bea Foote,Satisfied,I Want a Long Time Daddy,61DwudbV5e8ezGtnu7WKIl,0.679,0.227,5,-9.609,1,0.4370000000000001,6.890000000000001e-05,0.166,0.496,108.28,163853,4,1
2077,2077,Dorothy Dandridge,Smooth Operator,Smooth Operator,22SAmkmY0q6MYeSVCalBSB,0.62,0.387,10,-10.517,0,0.297,0.0,0.0716,0.438,140.186,186707,3,1
2096,2096,Stan Forebee,Second Home,Dilladong,4tRm0nd6gsf39bWeismT5l,0.867,0.409,10,-11.964,0,0.34700000000000003,0.196,0.6,0.516,86.001,152936,4,1
2099,2099,lōland,Anata,Anata,22WHtDA7fX0fPp4teO0xIS,0.532,0.28800000000000003,9,-9.324,0,0.389,0.133,0.114,0.5589999999999999,86.97,143946,3,1
2103,2103,Chill Select,Malibu,Malibu,4NXIuzWmpfa9LzH6I2LMR9,0.747,0.115,7,-22.435,1,0.48,0.774,0.11,0.271,171.97299999999996,142678,4,1
2114,2114,Sebastian Kamae,Within 2 Days,Within 2 Days,7ecgSXG1hWOAbanFbWFGj2,0.726,0.317,4,-11.64,0,0.28300000000000003,0.443,0.114,0.627,79.007,122523,4,1
2125,2125,lov lofi,Ambiente,Ambiente,7AcQ9idEjmvLdLgoLVkT1S,0.818,0.342,10,-15.472,0,0.344,0.00116,0.119,0.562,159.85299999999995,108000,4,1
2137,2137,NICKELMAN,Fly,Fly,3er5KNqecEwHMz5PPLIT6r,0.491,0.5329999999999999,5,-7.7879999999999985,0,0.62,0.0063,0.228,0.43,170.09900000000005,154552,4,1
2148,2148,Ufa Palava,Dusted,Dusted,3XcmdZcd9I6XT2q0IxW1KI,0.7559999999999999,0.232,3,-11.751,0,0.28800000000000003,0.627,0.185,0.33,81.00399999999998,118519,4,1
2149,2149,Lodge Records,Morning Cartoons,Morning Cartoons,0KjQTnwnwBddIkplN5xsU8,0.5920000000000001,0.502,7,-8.65,0,0.277,0.527,0.205,0.289,164.685,127961,4,1
2152,2152,Mujo,Jasmine Tea,Jasmine Tea,4Gr7YJGPPGIe5tfdu5hyzf,0.546,0.287,2,-8.533,1,0.319,0.8270000000000001,0.0965,0.342,79.67399999999998,126880,4,1
2158,2158,Chris Mazuera,Dozing,Day 12,51Dae1jpRALuKCnR9LofRZ,0.8390000000000001,0.408,11,-10.202,0,0.439,0.925,0.11,0.425,86.06299999999997,122791,4,1
2167,2167,Loop Schrauber,Verano,Verano,68eEbyrrYDI1SPbxfz84zw,0.752,0.251,9,-13.839,1,0.439,0.89,0.115,0.784,87.02600000000002,110345,4,1
2168,2168,aimless,Dreamscape,sunset cruise,1Hg3AkNPFx7fBAbfhktzKy,0.71,0.197,5,-12.606,1,0.53,0.123,0.116,0.456,78.0,94815,4,1
2298,2298,Fatb,Conscious Ego,Cianite,5tpg0JCGMrF4RvCdv9VJAK,0.6679999999999999,0.0753,5,-11.684,0,0.293,0.00471,0.125,0.407,166.291,144586,4,1
2323,2323,dryhope,Contrasts,Down River,6yddWHslt8Xbmr7GjGij3Q,0.5,0.177,4,-11.362,1,0.35,0.848,0.101,0.215,82.235,144036,4,1
2328,2328,xander.,Cabin Fever,Dreams Come True,5gEMIy111ZFXi1BUdv9iLV,0.71,0.345,1,-15.082,0,0.267,0.7170000000000001,0.25,0.127,80.934,154074,4,1
2335,2335,less.people,Online Mall Music,Enough to Go Around,0g2cKbRSGDlhfbrVWOhvwG,0.642,0.263,6,-14.562,0,0.422,0.447,0.0597,0.271,74.172,155676,4,1
2390,2390,Megan Thee Stallion,Savage Remix (feat. Beyoncé),Savage Remix (feat. Beyoncé),5v4GgrXPMghOnBBLmveLac,0.8220000000000001,0.743,10,-4.772,0,0.28,0.0,0.127,0.636,84.459,242001,4,1
2399,2399,BLACKPINK,KILL THIS LOVE,Kill This Love,18PergoIrGmRyeYxnaXJN2,0.738,0.861,2,-4.141,1,0.237,0.00175,0.325,0.58,131.974,189052,4,1
2414,2414,Future,Life Is Good (feat. Drake),Life Is Good (feat. Drake),5yY9lUy8nbvjM1Uyo1Uqoc,0.6759999999999999,0.609,2,-5.831,0,0.481,0.0,0.152,0.508,142.037,237735,4,1
2436,2436,Lil Tecca,We Love You Tecca,Ransom,1lOe9qE0vR9zwWQAOk6CoO,0.745,0.642,7,-6.2570000000000014,0,0.287,0.0,0.0658,0.226,179.97400000000005,131240,4,1
2442,2442,Young Thug,So Much Fun,Hot (feat. Gunna),5Z8HZM6iQMhhqyPcCGY5g9,0.855,0.6509999999999999,0,-8.044,0,0.235,0.0,0.0772,0.5589999999999999,111.997,193027,4,1
2443,2443,BTS,Make It Right (feat. Lauv),Make It Right (feat. Lauv),314ZkcV7oLWG8yWE7LABvH,0.584,0.685,7,-7.811,1,0.425,0.0,0.189,0.345,97.551,226321,4,1
2444,2444,Khalid,Right Back (feat. A Boogie Wit Da Hoodie),Right Back (feat. A Boogie Wit Da Hoodie),6PYnUsNEpYC7A4BS2sjw3L,0.7859999999999999,0.428,5,-10.011,0,0.31,1.1e-06,0.156,0.556,97.001,255000,4,1
2465,2465,Megan Thee Stallion,Savage Remix (feat. Beyoncé),Savage Remix (feat. Beyoncé),5v4GgrXPMghOnBBLmveLac,0.8220000000000001,0.743,10,-4.772,0,0.28,0.0,0.127,0.636,84.459,242001,4,1
2474,2474,BLACKPINK,KILL THIS LOVE,Kill This Love,18PergoIrGmRyeYxnaXJN2,0.738,0.861,2,-4.141,1,0.237,0.00175,0.325,0.58,131.974,189052,4,1
2489,2489,Future,Life Is Good (feat. Drake),Life Is Good (feat. Drake),5yY9lUy8nbvjM1Uyo1Uqoc,0.6759999999999999,0.609,2,-5.831,0,0.481,0.0,0.152,0.508,142.037,237735,4,1
2511,2511,Lil Tecca,We Love You Tecca,Ransom,1lOe9qE0vR9zwWQAOk6CoO,0.745,0.642,7,-6.2570000000000014,0,0.287,0.0,0.0658,0.226,179.97400000000005,131240,4,1
2517,2517,Young Thug,So Much Fun,Hot (feat. Gunna),5Z8HZM6iQMhhqyPcCGY5g9,0.855,0.6509999999999999,0,-8.044,0,0.235,0.0,0.0772,0.5589999999999999,111.997,193027,4,1
2518,2518,BTS,Make It Right (feat. Lauv),Make It Right (feat. Lauv),314ZkcV7oLWG8yWE7LABvH,0.584,0.685,7,-7.811,1,0.425,0.0,0.189,0.345,97.551,226321,4,1
2519,2519,Khalid,Right Back (feat. A Boogie Wit Da Hoodie),Right Back (feat. A Boogie Wit Da Hoodie),6PYnUsNEpYC7A4BS2sjw3L,0.7859999999999999,0.428,5,-10.011,0,0.31,1.1e-06,0.156,0.556,97.001,255000,4,1
2583,2583,Justin Bieber,Love Yourself,Love Yourself,4qug3gWrzeTNm0GhOkugJV,0.795,0.378,4,-9.979,1,0.316,0.0,0.204,0.5760000000000001,100.227,233747,4,1
2603,2603,Lauv,I Like Me Better,I Like Me Better,1wjzFQodRWrPcQ0AnYnvQ9,0.752,0.505,9,-7.621,1,0.253,2.55e-06,0.104,0.419,91.97,197437,4,1
2621,2621,JAY-Z,The Blueprint 3,Run This Town,7LR85XLWw2yXqKBSI5brbG,0.632,0.924,1,-1.802,1,0.29,0.0,0.263,0.441,86.844,267520,4,1
2626,2626,Dorrough Music,Dorrough Music,Ice Cream Paint Job,57QFOU3f7O0gDLadxv5z8w,0.851,0.598,0,-8.356,1,0.439,0.0,0.343,0.654,180.046,237320,4,1
2627,2627,MiMS,Music Is My Savior,This Is Why I'm Hot,0AA6zq5ArZ1sSH7VIMi4NK,0.621,0.6,8,-6.349,1,0.5760000000000001,0.0,0.495,0.485,80.021,253707,4,1
2633,2633,Ludacris,Battle Of The Sexes (Deluxe),My Chick Bad,3bMNprrp2JDKZsGbiXpsJl,0.624,0.723,1,-6.782,1,0.378,0.0,0.483,0.757,84.789,216933,4,1
2636,2636,Rich Boy,Rich Boy,Throw Some D's,6SmPPtaMnfxgz5duA6t9Cu,0.6970000000000001,0.86,11,-5.181,1,0.43,0.0,0.0721,0.433,160.895,263920,4,1
2638,2638,Devin The Dude,Waitin' to Inhale,What a Job,1QpMNpzkMxchOeYOn9RbNJ,0.794,0.745,0,-6.355,0,0.35100000000000003,0.0,0.254,0.741,81.263,332547,4,1
2647,2647,Drake,Thank Me Later,Fancy,3fpTMuD1u3gJlVI4FadVHs,0.53,0.884,0,-5.581,0,0.457,1.98e-06,0.355,0.28,87.194,319387,4,1
2648,2648,Jim Jones,Pray IV Reign,Pop Champagne - Explicit Album Version,5lrOsw7J8R7shum7A4j36t,0.61,0.431,0,-6.73,1,0.294,0.0,0.099,0.463,136.878,215973,3,1
2650,2650,Snoop Dogg,Malice 'N Wonderland,I Wanna Rock,3vNiHPIipR4a4bZKA288CD,0.521,0.8490000000000001,5,-3.238,1,0.318,0.0,0.289,0.431,122.852,235987,5,1
2652,2652,OJ Da Juiceman,The Otha Side of the Trap,Make tha Trap Say Aye (feat. Gucci Mane),5fst2COuMGJQ7PzSRYGVj5,0.8140000000000001,0.532,1,-8.415,0,0.304,0.0,0.0715,0.504,151.965,258747,4,1
2653,2653,Clipse,Til The Casket Drops,Popular Demand (Popeyes),2h8qcBOJA5rwykIXBck24Z,0.637,0.8059999999999999,8,-5.41,1,0.276,0.0,0.0867,0.487,81.911,260240,4,1
2654,2654,Talib Kweli,Revolutions Per Minute,"Just Begun (feat. Jay Electronica, J. Cole and Mos Def)",4lHN90buToyId0wJsdl7ij,0.629,0.787,7,-5.622999999999998,1,0.376,0.0,0.35700000000000004,0.713,85.698,227373,4,1
2658,2658,J. Cole,Cole World: The Sideline Story,Lights Please,6sZv0ECT8cEW3oZtoCuVg4,0.813,0.563,7,-7.082999999999998,1,0.269,0.0,0.125,0.7609999999999999,83.009,208160,4,1
2659,2659,Fat Joe,The Elephant In The Room,I Won't Tell,05YlrhaVCl39LCnvekFVPe,0.61,0.768,1,-7.932,1,0.397,0.0,0.253,0.35200000000000004,183.83,229627,4,1
2660,2660,The Game,LAX,My Life,4GXH9A6fzuE0MNtqtzjhLg,0.6729999999999999,0.7659999999999999,11,-5.018,1,0.349,0.0,0.0563,0.382,148.113,320893,4,1
2661,2661,G-Unit,T.O.S. (Terminate On Sight),Rider Pt. 2,3GanhBs1s2u4AFewYFfxkf,0.847,0.7440000000000001,1,-4.088,1,0.304,0.0,0.0554,0.754,96.935,168520,4,1
2663,2663,Kendrick Lamar,Overly Dedicated,Michael Jordan,1oH44ACGSLbJGcbw2JLQOt,0.713,0.8029999999999999,9,-5.311,1,0.287,0.0,0.129,0.522,153.987,350699,4,1
2664,2664,Birdman,5 * Stunna,Pop Bottles - Main,1kEp3Po9RUPm11N5ITOUWx,0.534,0.813,9,-5.902,1,0.406,0.0,0.606,0.5479999999999999,149.613,205133,4,1
2744,2744,Half the Animal,Not Today,Caught In The Middle,1SD2TWyBiComJuvPk6PfJm,0.375,0.8590000000000001,8,-5.364,0,0.307,0.0155,0.4370000000000001,0.672,195.143,190387,3,1
2789,2789,Various Artists,The Man with the Iron Fists,The Baddest Man Alive,2Gg9tkVjRYoZHhXzBeYyuV,0.526,0.7979999999999999,9,-8.164,0,0.321,0.00213,0.54,0.303,168.635,230907,4,1
2815,2815,Ghostemane,ANTI-ICON,Lazaretto,4BkM0A2FwgLB8Av8fKLMzg,0.542,0.923,9,-5.924,1,0.306,0.505,0.397,0.321,149.88299999999995,113333,4,1
2876,2876,The Word Alive,NO WAY OUT,NO WAY OUT,473gsXF8axYSsplgUfnbXf,0.386,0.92,6,-2.906,0,0.306,6.56e-06,0.341,0.518,156.991,215053,4,1
2885,2885,Kayzo,Breakdown,Breakdown,1GJKgHn5KAAiyWvH7H0sRM,0.447,0.988,2,-0.846,1,0.446,0.000833,0.0727,0.113,179.968,249333,4,1
3057,3057,Johnny Cash,One Piece At A Time,One Piece at a Time,1sueD22EyCamMjdQu9Kuo3,0.721,0.539,10,-14.064,1,0.35100000000000003,0.0,0.282,0.963,102.648,241813,4,1
3061,3061,Johnny Cash,The Last Gunfighter Ballad,The Last Gunfighter Ballad,72Tff5TvTSvEI8R4gqmdH8,0.643,0.407,5,-14.181,1,0.321,1.3e-05,0.157,0.721,82.61200000000002,167293,4,1
3069,3069,Jacob Collier,All I Need (with Mahalia & Ty Dolla $ign),All I Need (with Mahalia & Ty Dolla $ign),68j5DYmCikBzcp60Sv6xWO,0.485,0.4920000000000001,5,-6.4620000000000015,0,0.331,0.0,0.105,0.8759999999999999,78.001,243787,4,1
3073,3073,Sinead Harnett,Stickin' (feat. Masego & VanJess),Stickin' (feat. Masego & VanJess),24KUvSg9QsX6FWsOmN0ZxP,0.6679999999999999,0.45,8,-8.257,0,0.314,0.0,0.109,0.633,82.999,188806,4,1
3077,3077,Terrace Martin,Dinner Party: Dessert,Freeze Tag (feat. Cordae & Phoelix),0rjvlFcg4QVi9dDzctDDGD,0.68,0.5920000000000001,1,-7.669,1,0.443,0.0,0.192,0.111,83.12899999999998,191376,4,1
3082,3082,Thundercat,Dragonball Durag (Remix),Dragonball Durag - Remix,1PrVLmXkJjh2vEhmBEKLeM,0.626,0.597,6,-9.943,0,0.33,1.53e-05,0.122,0.578,80.985,221099,4,1
3088,3088,lophiile,No Bus,No Bus,0a8iHqEqV1FAcRGyDTKFym,0.736,0.632,6,-5.92,1,0.251,0.0,0.0924,0.615,89.993,184647,4,1
3101,3101,Jacob Collier,Time Alone With You (feat. Daniel Caesar),Time Alone With You (feat. Daniel Caesar),04jVEb76Kw5OrmGtlXlHxI,0.669,0.35200000000000004,1,-11.18,1,0.455,0.0,0.484,0.528,76.851,255947,4,1
3106,3106,Rayana Jay,Love Me Like (feat. DUCKWRTH),Love Me Like (feat. DUCKWRTH),1P9KFw6u4vX7hbFcFZd1yL,0.868,0.58,5,-9.575,0,0.276,0.00297,0.105,0.48,117.998,164746,4,1
3365,3365,Queen Naija,Lie To Me,Lie To Me,4tGGaI4N2KDjmAwXxF1e7P,0.52,0.7190000000000001,0,-4.8660000000000005,1,0.383,0.0,0.0882,0.6629999999999999,173.19,192824,4,1
3370,3370,Omarion,The Kinection,Do You Well,3dbGfRmXzqV5HLct1DOYAn,0.7170000000000001,0.665,1,-7.826,0,0.273,0.0,0.106,0.715,160.08700000000005,167988,4,1
3373,3373,Sainvil,HBK,HBK,5RzBIxTuTNUFQJ86SYY65R,0.667,0.629,6,-5.961,0,0.269,0.0,0.318,0.204,169.954,268883,4,1
3376,3376,Xavier Omär,if You Feel,SURF (feat. Masego),1lxs63LaZX1wHBr0qIt5oK,0.603,0.569,11,-7.472,0,0.34600000000000003,0.000459,0.101,0.305,166.051,202107,4,1
3377,3377,VanJess,High & Dry,High & Dry,3euV86x39viux87PuKhgMq,0.789,0.499,2,-8.514,1,0.235,4.91e-06,0.11,0.476,140.128,158541,4,1
3391,3391,Eric Bellinger,Organic,Organic,5DyvKrRpUufwtWTHcJ5fb8,0.486,0.602,6,-7.379,1,0.394,2.27e-05,0.104,0.483,98.095,197647,4,1
3393,3393,Jhené Aiko,Vote (as featured on ABC’s black-ish),Vote - as featured on ABC’s black-ish,3kHRVMeCVl431c83LhRm9v,0.599,0.551,10,-11.259,0,0.41,7.49e-05,0.101,0.64,147.155,104490,4,1
3409,3409,Abby Jasmine,First Day Out (with Smoke DZA),First Day Out (with Smoke DZA),688AlseD6rAfzvjfVrjyQm,0.531,0.715,5,-2.577,0,0.279,0.0,0.114,0.711,162.102,190500,4,1
3560,3560,Billie Eilish,"WHEN WE ALL FALL ASLEEP, WHERE DO WE GO?",bad guy,2Fxmhks0bxGSBdJ92vM42m,0.701,0.425,7,-10.965,1,0.375,0.13,0.1,0.562,135.128,194088,4,1
3594,3594,Gang Of Four,Entertainment!,Natural's Not in It,6Rsf9POXEmgQHzxXr6ubTg,0.763,0.84,0,-6.974,1,0.28800000000000003,0.0652,0.0199,0.895,161.34,186760,4,1
3653,3653,Gorillaz,Song Machine Episode 7,Machine Bitez #16,21gK5FpiscL6sSamq5idif,0.7290000000000001,0.194,1,-22.943,1,0.917,0.0,0.373,0.7959999999999999,64.795,37095,5,1
3654,3654,Gorillaz,Song Machine Episode 7,Machine Bitez #15,7hohDTx9KM3MNqrIVu5syq,0.733,0.194,9,-19.008,1,0.926,0.0,0.125,0.47,115.865,45133,3,1
3656,3656,Gorillaz,Song Machine: Machine Bitez #14,Song Machine: Machine Bitez #14,2IMpNfuLxQmtJVFzHWtai9,0.654,0.129,6,-20.964,0,0.8909999999999999,0.0,0.111,0.648,154.158,45984,3,1
3658,3658,Gorillaz,Song Machine Episode 6,Machine Bitez #13,5EfYslMuhSNICl6Ql8U4Lu,0.735,0.13,8,-20.28,0,0.643,0.0,0.142,0.73,118.082,46618,3,1
3660,3660,Gorillaz,Song Machine: Machine Bitez #12,Machine Bitez #12,5PJxNlPk0PFjK3Kg1bFsKu,0.787,0.277,7,-21.575,1,0.939,0.0,0.132,0.333,39.486,30206,4,1
3661,3661,Gorillaz,Song Machine Episode 5,Machine Bitez #11,5AzVAJTEUcUuMWv0ZcpnnD,0.716,0.0972,11,-17.832,1,0.88,0.0,0.145,0.503,131.747,98343,4,1
3662,3662,Gorillaz,Song Machine Episode 5,Machine Bitez #10,14azJ3UVFLh4W5mKeMIivD,0.5770000000000001,0.542,0,-13.928,0,0.521,0.0,0.297,0.344,63.188,44343,3,1
3664,3664,Gorillaz,Song Machine: Machine Bitez #9,Machine Bitez #9,6gu2nsy8lzlhFDmXgTdAT9,0.657,0.782,8,-7.976,1,0.847,0.0,0.14,0.39,89.072,44685,3,1
3666,3666,Gorillaz,Song Machine: Machine Bitez #8,Machine Bitez #8,40NG2S4A6VdAC265SAwV5F,0.677,0.7390000000000001,5,-9.371,1,0.477,0.0,0.6920000000000001,0.62,121.545,48785,4,1
3669,3669,Gorillaz,Song Machine Episode 3,Machine Bitez #7,4lRrw2uqwTmCfLpkD9r9iN,0.575,0.563,4,-10.202,1,0.6809999999999999,0.0,0.381,0.747,85.649,35539,3,1
3670,3670,Gorillaz,Song Machine: Machine Bitez #6,Machine Bitez #6,0USl8ZgtjepdTpNMPTxrRr,0.6829999999999999,0.373,1,-13.158,1,0.898,0.0,0.7609999999999999,0.595,74.274,54654,3,1
3672,3672,Gorillaz,Song Machine Episode 2,Machine Bitez #5,3LYu5GfqQZNCTDZ3rMmrvh,0.623,0.453,8,-10.814,0,0.614,0.0,0.172,0.6609999999999999,80.515,45922,4,1
3673,3673,Gorillaz,Song Machine: Machine Bitez #4,Machine Bitez #4,7717nMOB5jObMbHfVVpzrq,0.664,0.6990000000000001,2,-7.485,0,0.5589999999999999,0.0,0.7879999999999999,0.8029999999999999,117.399,35115,4,1
3675,3675,Gorillaz,Song Machine Episode 1,Machine Bitez #3,2a0xKyhV8Y2b2bUHUyU7rm,0.655,0.398,5,-17.113,1,0.963,0.0,0.104,0.626,149.469,61570,1,1
3676,3676,Gorillaz,Song Machine Episode 1,Machine Bitez #2,4gFPUAtoa0MWWy56aSoXZP,0.643,0.295,0,-20.583,1,0.901,0.0247,0.18,0.764,72.78699999999998,56177,1,1
3677,3677,Gorillaz,Song Machine Episode 1,Machine Bitez #1,3ZvsRWN7z6O2Qy8yKeMPiA,0.618,0.726,8,-5.339,1,0.463,0.0,0.274,0.625,100.948,43828,3,1
3678,3678,Gorillaz,Song Machine Theme Tune,Song Machine Theme Tune,3Sn2DkpFIkrm4Y3vQ7jpCA,0.958,0.642,7,-11.962,1,0.329,1.34e-05,0.14400000000000002,0.28600000000000003,120.654,30464,4,1
3703,3703,Black Eyed Peas,THE E.N.D. (THE ENERGY NEVER DIES),Imma Be,5OiLJ8tjUPFiPX2gVM8fxJ,0.597,0.517,0,-6.962999999999999,1,0.365,0.0,0.307,0.412,92.035,257560,4,1
3762,3762,Joss Stone,Mind Body & Soul,Killing Time,5G6x3QgKSzos6khVmDa3rI,0.612,0.6920000000000001,8,-5.544,1,0.279,0.0,0.0902,0.544,135.05,311933,4,1
3785,3785,Maluma,Hawái,Hawái,4uoR6qeWeuL4Qeu2qJzkuG,0.787,0.728,6,-3.455,0,0.389,2.29e-05,0.0629,0.545,180.06599999999997,200198,4,1
3803,3803,Dalex,+Linda,+Linda,5cBrOhKDyiJF9bPGUHKkG0,0.66,0.503,9,-5.501,1,0.34,0.0,0.13,0.396,175.896,161748,4,1
3819,3819,Greeicy,Los Besos,Los Besos,6QSu3mgC8kUYtEDoBBQcJG,0.503,0.762,11,-4.263,1,0.298,9.84e-06,0.0919,0.598,167.93599999999995,202733,4,1
3823,3823,Super Yei,"Lean (feat. Towy, Osquel, Beltito & Sammy & Falsetto)","Lean (feat. Towy, Osquel, Beltito & Sammy & Falsetto)",5DoLhdU27owX1NMrKLUbUl,0.863,0.669,6,-5.952000000000001,0,0.282,0.0,0.0569,0.947,164.062,260545,4,1
3831,3831,DaBaby,BLAME IT ON BABY (DELUXE),PRACTICE,4Z5FyQlevoHoa5FsIVKZju,0.8490000000000001,0.536,1,-7.307,1,0.349,0.0,0.126,0.308,141.964,122587,4,1
3833,3833,NLE Choppa,From Dark to Light,Bryson,2MBjMrecld1TgdzCSVouEW,0.452,0.748,10,-7.858,0,0.302,0.0,0.0422,0.586,173.722,221053,4,1
3835,3835,21 Savage,SAVAGE MODE II,Mr. Right Now (feat. Drake),4Q34FP1AT7GEl9oLgNtiWj,0.647,0.667,5,-5.563,1,0.304,0.0,0.133,0.7040000000000001,172.08,193839,4,1
3838,3838,Lil Eazzyy,Onna Come Up,Onna Come Up,0s8QrhtXW1Av2tuLLerDjN,0.7929999999999999,0.5710000000000001,1,-9.247,1,0.249,5.27e-06,0.101,0.616,150.05200000000005,128078,4,1
3839,3839,King Von,Welcome to O'Block,The Code (feat. Polo G),5NOUjBikzECEJyZMTxtErD,0.831,0.62,6,-8.397,0,0.338,0.0,0.119,0.568,133.17,202413,4,1
3841,3841,Polo G,THE GOAT,Martin & Gina,1VLtjHwRWOVJiE5Py7JxoQ,0.8320000000000001,0.534,1,-7.813,0,0.253,0.0,0.165,0.116,93.924,132833,4,1
3844,3844,Rod Wave,Pray 4 Love (Deluxe),Rags2Riches 2 (feat. Lil Baby),0qJeyYAgv6UpvewUxRXAhb,0.8740000000000001,0.443,5,-9.628,0,0.241,0.0,0.124,0.298,118.004,235988,4,1
3850,3850,YoungBoy Never Broke Again,Top,My Window (feat. Lil Wayne),7IECs9d4Rrlpa7tiHOCE1w,0.778,0.662,8,-6.081,0,0.308,0.0,0.116,0.5710000000000001,149.935,192000,4,1
3854,3854,Lil Tjay,Losses,Losses,3bAzFi7wGuOXJdgOYyFDSW,0.848,0.457,0,-10.118,1,0.293,0.0,0.115,0.227,100.018,195649,4,1
3855,3855,Travis Scott,FRANCHISE (feat. Young Thug & M.I.A.),FRANCHISE (feat. Young Thug & M.I.A.),4jVBIpuOiMj1crqd8LoCrJ,0.835,0.6990000000000001,8,-5.405,0,0.277,0.0,0.195,0.547,154.981,202795,4,1
3857,3857,DJ Khaled,POPSTAR (feat. Drake),POPSTAR (feat. Drake),6EDO9iiTtwNv6waLwa1UUq,0.8,0.56,5,-4.8180000000000005,0,0.261,0.0,0.134,0.45,163.071,200221,4,1
3860,3860,Lil Tecca,Virgo World,When You Down (with Polo G feat. Lil Durk),5kTn07V96U8LyoQgz6DZzX,0.514,0.634,1,-6.5139999999999985,1,0.383,0.0,0.13,0.308,76.181,193013,4,1
3861,3861,Polo G,Epidemic,Epidemic,170DNUSnQRp1tGpppF26pA,0.616,0.617,1,-8.431000000000001,1,0.52,0.0,0.177,0.476,175.929,177273,4,1
3862,3862,French Montana,Double G (feat. Pop Smoke),Double G (feat. Pop Smoke),6zAXl7WqhGuOuTDkPDKQ7P,0.757,0.633,1,-6.102,1,0.339,0.0,0.204,0.396,143.186,157880,4,1
3863,3863,T.I.,The L.I.B.R.A.,Pardon (feat. Lil Baby),5W3z7a1dBlERTBAye0murh,0.955,0.5870000000000001,10,-5.894,0,0.32,0.0,0.585,0.901,111.975,259958,4,1
3865,3865,Freddie Gibbs,4 Thangs (feat. Big Sean & Hit-Boy),4 Thangs (feat. Big Sean & Hit-Boy),4wmZtoif8SGm7PDqgKrEXr,0.816,0.55,1,-7.0760000000000005,1,0.264,2.01e-06,0.331,0.818,83.007,116827,4,1
3867,3867,Cardi B,WAP (feat. Megan Thee Stallion),WAP (feat. Megan Thee Stallion),4Oun2ylbjFKMPTiaSbbCih,0.935,0.454,1,-7.508999999999999,1,0.375,0.0,0.0824,0.35700000000000004,133.07299999999998,187541,4,1
3876,3876,Lil Durk,Stay Down (with 6LACK & Young Thug),Stay Down (with 6LACK & Young Thug),6w4PV16oMh5I6ZOCvig0hK,0.813,0.57,3,-8.408999999999999,0,0.265,0.0,0.0982,0.6759999999999999,109.07,169330,4,1
3900,3900,spill tab,Cotton Candy,Cotton Candy,7K1H5Peem34cxKy40kNFw5,0.685,0.46,0,-7.809,1,0.224,1.25e-05,0.35700000000000004,0.596,96.876,93871,3,1
3908,3908,Tkay Maidza,"Last Year Was Weird, Vol. 2",You Sad,7yqyEsd851dkG58lBcNrUS,0.742,0.6709999999999999,1,-4.589,1,0.246,0.0,0.132,0.469,159.955,157312,4,1
3914,3914,Starrah,How It Goes,How It Goes,1Ey07UXA4UAcBnRY9YwVmU,0.7609999999999999,0.443,1,-8.054,1,0.244,0.000116,0.0925,0.8270000000000001,171.93099999999995,113767,4,1
3919,3919,Tkay Maidza,"Last Year Was Weird, Vol. 2",24k,5S9NMgmfDoGuBPTUod8FLa,0.784,0.762,2,-6.6770000000000005,0,0.481,0.0,0.626,0.602,117.987,233537,4,1
3944,3944,tobi lou,LINGO STARR,Lingo Starr: RETURN OF THE DRAGON,29fDSYL3HQoaObeIxGZW4W,0.764,0.522,5,-8.615,0,0.35600000000000004,0.0,0.16,0.34,80.10300000000002,122156,4,1
3948,3948,Evann McIntosh,WIYULD,WIYULD,4nV1MfDLKK50nBSaEjtDzZ,0.647,0.444,11,-11.899,1,0.213,0.0,0.109,0.311,140.138,140357,4,1
3975,3975,SG Lewis,Chemicals,Chemicals,4xnaRQjBsHrJY5hmxBlMel,0.616,0.8540000000000001,11,-4.749,0,0.368,0.0,0.322,0.8009999999999999,113.982,254871,4,1
3989,3989,Col3trane,Clutch (feat. Kiana Ledé),Clutch (feat. Kiana Ledé),6QqF0MqjQVotftZIuQUbvf,0.634,0.564,1,-7.984,0,0.359,0.000239,0.111,0.637,116.233,206681,5,1
4007,4007,XXXTENTACION,17,Jocelyn Flores,7m9OqQk4RVRkw9JJdeAw96,0.872,0.391,0,-9.144,0,0.242,4.13e-06,0.297,0.4370000000000001,134.02100000000002,119133,4,1
4011,4011,Ty Dolla $ign,Purple Emoji (feat. J Cole),Purple Emoji (feat. J. Cole),3OJ4LEE50iFELaHiZ09zif,0.7070000000000001,0.5429999999999999,8,-4.61,1,0.279,0.0,0.384,0.8240000000000001,144.18,163755,4,1
4029,4029,Jeremih,All The Time,All The Time,0USZx50eApN045zIIyjePN,0.675,0.44,9,-9.298,0,0.349,6.24e-06,0.197,0.0338,109.823,264200,4,1
4034,4034,Russ,Ain't Nobody Takin My Baby,Ain't Nobody Takin My Baby,6VnqGxiMNexOe0kRmIsBw4,0.696,0.57,0,-9.084,1,0.557,3.02e-06,0.098,0.329,76.976,189231,4,1
4040,4040,Pop Smoke,Shoot For The Stars Aim For The Moon,What You Know Bout Love,1tkg4EHVoqnhR6iFEXb60y,0.7090000000000001,0.5479999999999999,10,-8.493,1,0.353,1.59e-06,0.133,0.5429999999999999,83.995,160000,4,1
4042,4042,Dom Kennedy,Rap n Roll (Deluxe Album),Lovers Anonymous,7sdRFe7nMpCLSIwVTSgPRg,0.555,0.583,2,-5.13,1,0.41,0.0,0.269,0.401,107.17,180907,5,1
4043,4043,21 Savage,SAVAGE MODE II,Mr. Right Now (feat. Drake),4Q34FP1AT7GEl9oLgNtiWj,0.647,0.667,5,-5.563,1,0.304,0.0,0.133,0.7040000000000001,172.08,193839,4,1
4047,4047,Pop Smoke,Mood Swings (Remix),Mood Swings (feat. Lil Tjay & Summer Walker) - Remix,5JYsU2yRoQ6utiLW7Owvjc,0.495,0.63,10,-6.261,0,0.375,0.0,0.0951,0.362,90.1,255460,4,1
4057,4057,T.I.,The L.I.B.R.A.,Moon Juice (feat. Jeremih),6hhHBi9xrYwjtQK1T4mYD0,0.762,0.737,5,-5.29,1,0.297,0.0,0.17,0.6409999999999999,97.942,215175,4,1
4058,4058,Gucci Mane,"So Icy Gang, Vol. 1",Meeting (feat. Foogiano & Mulatto),7li8rJ9EFVTzZkR7whXJ3u,0.925,0.619,1,-6.476,1,0.28800000000000003,0.0,0.0585,0.635,119.979,188629,4,1
4059,4059,REASON,New Beginnings,Westside,5KhWSvBNRGxY5I3t0X6f4w,0.644,0.436,2,-6.104,1,0.297,0.0,0.156,0.342,82.484,232725,4,1
4060,4060,Katori Walker,Idols,Choose Love (Jermaine),0WQwSgQD1pajaWeqPWt1KT,0.617,0.7240000000000001,11,-6.605,1,0.33,0.0,0.107,0.537,79.946,157975,4,1
4066,4066,Toosii,Love Cycle (with Summer Walker),Love Cycle (with Summer Walker),0Oc29d8rPreXMPEsOvHCvD,0.789,0.424,6,-9.325,0,0.277,0.0,0.0795,0.436,126.93,215440,4,1
4071,4071,Big Sean,Detroit 2,Time In,4lfXTKmZ7fZC6LEPRRC9YL,0.6409999999999999,0.524,7,-9.513,0,0.423,0.0,0.197,0.525,133.132,177424,4,1
4072,4072,Dom Kennedy,Rap N Roll,Thinkin Intermission,3V2glsvJY03wYWL1JwVX9s,0.425,0.5329999999999999,3,-6.239,0,0.307,0.0,0.368,0.68,87.84700000000002,142025,4,1
4073,4073,Bryson Tiller,Inhale,Inhale,3Xa0sbyAtaEYYl2qRGnWQb,0.461,0.7020000000000001,7,-8.204,1,0.404,0.00109,0.244,0.507,77.50399999999998,174091,4,1
4074,4074,Blxst,No Love Lost,Be Alone,7tjtWVu8RsshzPxQm8oT3y,0.606,0.617,8,-5.122999999999998,0,0.4270000000000001,0.000727,0.166,0.685,93.169,154105,4,1
4075,4075,Moneybagg Yo,Code Red,Brain Dead (feat. Ari),0xCa1qXcpjXtENBh7xeg4x,0.725,0.62,2,-8.958,1,0.405,5.02e-06,0.114,0.324,142.023,145547,4,1
4078,4078,Russ,Take You Back (feat. Kehlani),Take You Back (feat. Kehlani),50CXGLOqdsztp42DuJmJ8k,0.917,0.444,10,-9.939,1,0.265,0.0,0.116,0.185,125.054,169012,4,1
4081,4081,Blxst,No Love Lost,Searching,6rN1646JDRRmRvwQO0drya,0.711,0.631,3,-4.115,0,0.382,0.0,0.11,0.884,142.243,136109,4,1
4082,4082,Rayven Justice,Wavy Justice 3 [Hosted by Dj Carisma],Ride Or Die (feat. Case & Symba),2zw4YLz4RAw4PQetcXpU5l,0.5770000000000001,0.7909999999999999,7,-4.612,0,0.29100000000000004,0.0,0.16899999999999998,0.7120000000000001,80.942,260000,4,1
4083,4083,Mulatto,Queen of Da Souf,My Body,1PeXadW5tXPZWG8AIzKPOv,0.75,0.711,5,-6.771,0,0.254,0.0,0.34,0.495,134.946,177778,4,1
4088,4088,Jaden,CTV3: Cool Tape Vol. 3,Young In Love,4aQNjbxTjgHmmIrQbn2AFx,0.732,0.633,7,-6.404,0,0.271,6.409999999999999e-05,0.174,0.629,99.044,291298,4,1
4094,4094,ZAYN,Better,Better,1dLXLETYiZohIZWnse4ypG,0.637,0.418,2,-7.1370000000000005,1,0.301,0.0,0.131,0.0807,84.295,174517,4,1
4096,4096,Justin Bieber,Holy,Holy (feat. Chance The Rapper),5u1n1kITHCxxp8twBcZxWy,0.6729999999999999,0.7040000000000001,6,-8.056000000000001,1,0.36,0.0,0.0898,0.3720000000000001,86.919,212093,4,1
4108,4108,Emily Burns,"I Love You, You're The Worst","I Love You, You're The Worst",3nkX3Nk6eC8KwZwnoZPpLY,0.775,0.521,6,-7.5,0,0.266,0.0,0.101,0.32,86.969,174640,4,1
4113,4113,JP Saxe,"Hey Stupid, I Love You","Hey Stupid, I Love You",5inDa3sWj8zqJBOdj7Bjqc,0.758,0.594,5,-9.63,0,0.426,5.32e-06,0.0798,0.8690000000000001,91.864,181000,4,1
4114,4114,Ulrikke,What Would You Do for Love?,What Would You Do for Love?,58H2Sd0efzMuapCQlEKeV2,0.647,0.421,8,-11.697,0,0.381,0.0,0.123,0.679,104.996,176857,4,1
4118,4118,Jake Scott,Like No One Does,Like No One Does,2HnfqILzgKt1CepTlU4oqq,0.8,0.41,10,-12.734000000000002,1,0.236,1.45e-06,0.107,0.442,104.941,158469,4,1
4131,4131,Haris,Shivers,Shivers,51L8DKinurPJhpFj3L3f7C,0.602,0.674,11,-6.555,1,0.269,0.0,0.209,0.545,93.933,217621,4,1
4154,4154,Andreas Moe,Mine Mine Mine,Mine Mine Mine,0tREQYNVp41QWZOlqi1y5O,0.8340000000000001,0.5,7,-11.205,0,0.254,0.0,0.438,0.96,129.969,170984,4,1
4182,4182,Robin Bengtsson,The First To Know,The First To Know,58YU87leZyFMLbqdhQyQva,0.58,0.5429999999999999,7,-9.264,0,0.514,0.0,0.104,0.301,181.792,183853,4,1
4240,4240,FLETCHER,you ruined new york city for me,If You're Gonna Lie,0mPTZjG5PElXTUIxj1nqgp,0.6709999999999999,0.763,8,-5.877000000000002,1,0.305,2.1600000000000007e-05,0.495,0.469,149.87,203113,4,1
4269,4269,Tom Walker,What a Time To Be Alive,Now You're Gone (feat. Zara Larsson),2oVoSgGAlog02WQ2pLCxcT,0.644,0.721,9,-8.495,0,0.431,7.52e-05,0.146,0.233,101.503,212142,4,1
4303,4303,Camilo,Por Primera Vez,El Mismo Aire,3a29UVSEIj6x3YcfKs2rdi,0.494,0.456,0,-6.011,0,0.362,0.0,0.238,0.675,145.606,186256,4,1
4413,4413,Ne-Yo,In My Own Words,So Sick,6brl7bwOHmGFkNw3MBqssT,0.452,0.574,6,-8.336,1,0.31,0.0,0.189,0.58,92.791,207187,4,1
4908,4908,Kano,Spotify Singles,"P's and Q's - Live from Abbey Road Studios, London",08UIshEdTPA9OoWj1tkFkI,0.465,0.826,6,-5.925,1,0.393,1.6800000000000002e-05,0.0725,0.617,61.911,255066,4,1
4936,4936,Alec Benjamin,Spotify Singles,Stan - Recorded at Spotify Studios NYC,6H98N10OCmld8m5XyyulO3,0.693,0.5489999999999999,6,-8.964,0,0.418,0.0,0.122,0.645,82.152,202482,4,1
5065,5065,Rhiannon Giddens,Just the Two of Us (feat. Sxip Shirey),Just the Two of Us (feat. Sxip Shirey),0b8ApkdViUi5kINTkngEbn,0.667,0.476,9,-6.597,0,0.338,0.00231,0.111,0.636,75.682,306076,4,1
